5,The best answer is **C. the sense of continual class struggle**. Here's why:
12,C
41,D
45,B
46,C
48,Let's analyze the passage and the answer choices to determine the most accurate response.
49,C
57,A
64,D
71,B
76,D
78,A
84,A
94,C
95,B
96,D
98,A
101,D
104,The answer is **D. The concept that salvation comes from faith alone rather than through good works is supported.**
105,C
106,B
109,D
113,D
123,A
125,C
127,A
139,A
140,A
159,C
161,A
635,A
644,B
649,D
652,B
680,C
683,D
688,The correct answer is **C. Containment**. Here's why:
709,B
710,C
716,B
720,B
727,C
731,The correct answer is **D. Detroit autoworkers in the 1930s.**
732,"The questions and answers you provided are well-structured and accurate. Here's a breakdown of why the answers are correct, along with some additional context:"
745,A
749,A
750,D
751,B
759,"I can't answer this question because the stimulus refers to Congressional testimony of Col. Samuel Thomas, Assistant Commissioner, Bureau of Refugees, Freedmen and Abandoned Lands, 1865, but the question asks about Federalist #15. These are two different documents so I can't answer the question."
764,A
767,C
769,B
771,"Let's analyze each choice. Logan's position is one of initially peaceful cooperation, followed by betrayal and then justified (in his eyes) revenge."
772,D
786,A
788,A
790,B
795,C. an instrument of injustice
797,The correct answer is B.
798,**D. Franklin D. Roosevelt in the 1930s**
800,"Based on the provided information, none of the choices offer a reasonable justification for criticizing Andrew Carnegie. Therefore, none of the choices are correct."
801,B
806,C
812,A
814,B
818,C
820,C
829,C
985,A
986,B
987,D
988,C
999,The correct answer is D.
1010,Here are the answers with some brief explanations:
1017,B
1028,D
1029,D
1034,Let's analyze the questions and their provided answers.
1050,B
1052,A
1054,"Apologies, I am unable to infer from this passage a well-developed level of bureaucracy, a standing professional army, advanced Tang agricultural technologies, or a high degree of urbanization within the Tang Dynasty."
1064,I can help you with that! I will answer each of the questions one by one:
1068,D
1070,A
1078,A
1082,D
1083,The correct answer is **B. Collective defense**.
1084,"The most likely answer is **D. All of you [soldiers], are summoned . . . to hunt the idolatrous Koholanes**."
1088,C
1092,A
1096,D
1097,B
1098,C
1105,B
1114,B
1117,D
1120,**A. The first union of independent Latin American states**
1122,A
1127,B
1134,A
1136,A
1145,A
1169,A
1170,D
1174,The best answer is B. Here's why:
1182,B
1186,Let's go through each question and assess the reasoning behind the provided answer.
1189,A
1193,"I apologize, but it looks like this time there were no options provided for me to give a correct answer for the final question. I can say that both texts are about medicine and the general topic is:"
1204,C
1205,A
1207,"You have provided a comprehensive set of history questions with their corresponding correct answers. I have reviewed them, and everything appears to be accurate. The questions cover a wide range of historical periods and regions, and the correct answers align with established historical knowledge."
1390,"Here are the answers, slightly formatted for readability:"
1392,D
1393,Here are the answers with some slight improvements in clarity and precision:
1394,"I'm sorry, but the answer to this question is not provided in my current knowledge."
1403,Here are the answers with explanations where necessary:
1404,Here are the answers and explanations for each question:
1408,D
1410,Here are the answers with explanations:
1414,Here's a breakdown of the answers and why they are correct:
1417,C
1427,A
1433,D
1434,C
1438,Here are the answers to the multiple-choice questions with a brief explanation for each:
1444,A
1446,"Here are the answers you provided, and an explanation for each:"
1448,Here are the answers with some brief explanations.
1454,A
1455,D
1456,D
1457,B
1459,D
1460,D
1461,"Okay, here are the answers I would choose for the final question:"
1469,C
1471,"Okay, here are the answers with explanations where necessary:"
1476,C
1479,A
1488,D
1489,Here are the answers with explanations:
1493,D
1494,C
1496,Here's a breakdown of the answers and the reasoning behind them:
1497,Here are the answers with explanations:
1502,D
1508,C
1514,D
1525,"Here are the answers to your multiple-choice economics questions, along with brief explanations where needed:"
1528,"Here are the answers to your multiple-choice questions, along with explanations to clarify the reasoning behind each correct choice."
1538,Here's an analysis of each question:
1540,Here are the answers with brief explanations:
1543,C
1544,A
1549,D
1555,D
1557,C
1558,"Here's a breakdown of the answers and explanations, formatted for clarity:"
1563,D
1569,"Okay, here are the answers with reasoning where necessary:"
1570,Here are the answers with brief explanations:
1573,B
1576,**Q: Economics is best described as**
1577,B
1581,A
1586,Let's analyze each question and provide explanations where needed:
1590,D
1597,Let's analyze each question and provide the answers with explanations.
1602,"Here are the answers to the questions, along with some brief explanations:"
1603,C
1611,Let's break down the logic for the last answer:
1616,A
1845,C
1847,B
1849,"Okay, I have reviewed the questions and their answers. Here's a summary of observations and potential areas for discussion:"
1852,D
1862,A
1866,B
1872,C
1874,D
1877,D
1884,B
1889,D
1890,D
1895,D
1896,"It appears there's an error in the last question. The prompt asks for the short sequence by the promoter, but the answers provided are not promoter sequences. "
1898,Here's the breakdown of the answers and some explanations:
1901,The answer is likely **D**.
1907,C
1918,"Here's a breakdown of the questions and answers, including some explanations and potential areas where understanding might be enhanced:"
1919,D
1921,"Here's an analysis of the questions and answers provided, along with some minor clarifications where necessary:"
1926,The correct answer is D.
1929,B
1932,C
1934,B
1935,C
1941,D
1943,"The correct answer is **D. A, B, and C**. Here's why:"
1944,D
1950,"Let's analyze the mosquito fish scenario. The key point is that the ponds are no longer connected (isolated). The environments are similar, BUT a key difference exists (predation). This difference leads to different body shapes being favored."
1952,Here are the answers to the quiz questions provided.
1959,D
1962,Let's review the questions and answers.  Everything appears to be correctly answered.
1971,D
1985,D
1989,D
1993,D
1995,B
2002,D
2004,The most fitting answer for this question is:
2005,The answer is **D. strenuous exercise**
2008,The correct answer is:
2011,A
2013,B
2014,The correct answer is **D. The pH of both lakes will decrease in response to acid rain.**
2017,A
2024,"Okay, here's an analysis of the provided questions and answers, along with some potential clarifications or alternative explanations where appropriate."
2030,C
2031,B
2032,B
2033,The answer is D.
2036,B
2040,B
2045,A
2048,B
2053,B
2055,D
2061,D
2067,D
2068,D
2073,D
2076,D
2079,C
2089,Let's analyze the evolutionary potential of each organism listed in the context of the given scenario:
2097,D
2102,A
2107,D
2110,A
2113,"The correct answer is **A. Cell wall, DNA, and plasma membrane**"
2135,D
2136,D
2146,B
2148,B
2149,B
5368,A
5374,A
5388,The correct answer is B.
5397,D
5399,Here are the answers with explanations where helpful:
5401,C
5415,C
5421,A
5424,B
5429,A
5431,D
5443,"Here's a breakdown of the answers and why they are correct, along with explanations to help you understand the concepts:"
5452,D
5457,A
5467,A
5472,D
5474,A
5477,D
5478,A
5479,C
5485,The answer is D.
5493,A
5500,A
5517,D
5518,The answer to the question is B.
5524,A
5533,"Here are the answers you provided, formatted for clarity, with explanations where helpful:"
5536,A
5539,D
5544,C
5547,D
5555,B
